{
    "SNR": [
        0.25,
        0.5,
        0.75,
        1.0,
        1.25,
        1.5,
        1.75,
        2.0,
        2.25,
        2.5,
        2.75,
        3.0,
        3.25,
        3.5,
        3.75,
        4.0,
        4.25,
        4.5,
        4.75,
        5.0,
        5.25,
        5.5,
        5.75,
        6.0,
        6.25,
        6.5,
        6.75,
        7.0,
        7.25,
        7.5,
        7.75,
        8.0,
        8.25,
        8.5,
        8.75,
        9.0,
        9.25,
        9.5,
        9.75,
        10.0,
        10.25,
        10.5,
        10.75,
        11.0,
        11.25,
        11.5,
        11.75,
        12.0,
        12.25,
        12.5,
        12.75,
        13.0,
        13.25,
        13.5,
        13.75,
        14.0,
        14.25,
        14.5,
        14.75,
        15.0,
        15.25,
        15.5,
        15.75,
        16.0,
        16.25,
        16.5,
        16.75,
        17.0,
        17.25,
        17.5,
        17.75,
        18.0,
        18.25,
        18.5,
        18.75,
        19.0,
        19.25,
        19.5,
        19.75,
        20.0,
        20.25,
        20.5,
        20.75,
        21.0,
        21.25,
        21.5,
        21.75,
        22.0,
        22.25,
        22.5,
        22.75,
        23.0,
        23.25,
        23.5,
        23.75,
        24.0,
        24.25,
        24.5,
        24.75,
        25.0,
        25.25,
        25.5,
        25.75,
        26.0,
        26.25,
        26.5,
        26.75,
        27.0,
        27.25,
        27.5,
        27.75,
        28.0,
        28.25,
        28.5,
        28.75,
        29.0,
        29.25,
        29.5,
        29.75,
        30.0
    ],
    "BER": [
        0.50265,
        0.5010875,
        0.50122,
        0.50064,
        0.50044,
        0.50071,
        0.50212,
        0.501875,
        0.500905,
        0.5016275,
        0.50146,
        0.499575,
        0.501305,
        0.5011775,
        0.5004825,
        0.500435,
        0.5018,
        0.5012575,
        0.5016375,
        0.50149,
        0.5000075,
        0.50126,
        0.50277,
        0.5012875,
        0.50316,
        0.5013675,
        0.5003225,
        0.5001725,
        0.5022275,
        0.501335,
        0.5012175,
        0.500325,
        0.5013675,
        0.5013425,
        0.5004025,
        0.5002,
        0.5002775,
        0.5019275,
        0.5010875,
        0.5001375,
        0.500325,
        0.501485,
        0.5019675,
        0.5015925,
        0.5007525,
        0.5016175,
        0.50188,
        0.5011575,
        0.5006225,
        0.5002575,
        0.50144,
        0.5011925,
        0.5012875,
        0.502085,
        0.5007325,
        0.5018375,
        0.5013275,
        0.5017,
        0.501665,
        0.5012775,
        0.501465,
        0.49994,
        0.500945,
        0.4997925,
        0.50097,
        0.5008575,
        0.50207,
        0.5018525,
        0.5002825,
        0.5020625,
        0.50119,
        0.5013275,
        0.4993825,
        0.5019375,
        0.5011875,
        0.501,
        0.50141,
        0.50148,
        0.50119,
        0.499485,
        0.5001325,
        0.50191,
        0.498395,
        0.500255,
        0.50004,
        0.5017825,
        0.499855,
        0.5011875,
        0.501175,
        0.5025625,
        0.5008475,
        0.5005575,
        0.5002775,
        0.49969,
        0.50012,
        0.5003525,
        0.50236,
        0.50152,
        0.5000625,
        0.4998575,
        0.501185,
        0.500855,
        0.50139,
        0.5018275,
        0.5010975,
        0.499615,
        0.5008225,
        0.500495,
        0.4994325,
        0.5012875,
        0.50103,
        0.5011675,
        0.500865,
        0.5023775,
        0.5003525,
        0.50137,
        0.50058,
        0.500165,
        0.501525,
        0.50196
    ]
}
