{
    "SNR": [
        0.25,
        0.5,
        0.75,
        1.0,
        1.25,
        1.5,
        1.75,
        2.0,
        2.25,
        2.5,
        2.75,
        3.0,
        3.25,
        3.5,
        3.75,
        4.0,
        4.25,
        4.5,
        4.75,
        5.0,
        5.25,
        5.5,
        5.75,
        6.0,
        6.25,
        6.5,
        6.75,
        7.0,
        7.25,
        7.5,
        7.75,
        8.0,
        8.25,
        8.5,
        8.75,
        9.0,
        9.25,
        9.5,
        9.75,
        10.0,
        10.25,
        10.5,
        10.75,
        11.0,
        11.25,
        11.5,
        11.75,
        12.0,
        12.25,
        12.5,
        12.75,
        13.0,
        13.25,
        13.5,
        13.75,
        14.0,
        14.25,
        14.5,
        14.75,
        15.0,
        15.25,
        15.5,
        15.75,
        16.0,
        16.25,
        16.5,
        16.75,
        17.0,
        17.25,
        17.5,
        17.75,
        18.0,
        18.25,
        18.5,
        18.75,
        19.0,
        19.25,
        19.5,
        19.75,
        20.0,
        20.25,
        20.5,
        20.75,
        21.0,
        21.25,
        21.5,
        21.75,
        22.0,
        22.25,
        22.5,
        22.75,
        23.0,
        23.25,
        23.5,
        23.75,
        24.0,
        24.25,
        24.5,
        24.75,
        25.0,
        25.25,
        25.5,
        25.75,
        26.0,
        26.25,
        26.5,
        26.75,
        27.0,
        27.25,
        27.5,
        27.75,
        28.0,
        28.25,
        28.5,
        28.75,
        29.0,
        29.25,
        29.5,
        29.75,
        30.0
    ],
    "BER": [
        0.2870825,
        0.2817475,
        0.2761425,
        0.273045,
        0.26589875,
        0.2610225,
        0.25444,
        0.25097,
        0.23947375,
        0.2328325,
        0.22602375,
        0.22297,
        0.2237825,
        0.209135,
        0.20224625,
        0.1978275,
        0.19412375,
        0.18457875,
        0.1787925,
        0.17625,
        0.16843875,
        0.16254375,
        0.15488125,
        0.1430475,
        0.13776,
        0.12368875,
        0.1211125,
        0.12789375,
        0.11612125,
        0.1095675,
        0.1058125,
        0.0976725,
        0.0921275,
        0.08803,
        0.08233375,
        0.07996875,
        0.07330625,
        0.0680825,
        0.07342625,
        0.06383375,
        0.0554275,
        0.056235,
        0.0567975,
        0.0581925,
        0.047115,
        0.04611625,
        0.0393575,
        0.03939625,
        0.034835,
        0.03430875,
        0.03330375,
        0.03008125,
        0.02977875,
        0.02417125,
        0.0270425,
        0.0239925,
        0.01867125,
        0.01965,
        0.01965125,
        0.01965125,
        0.0170425,
        0.01205,
        0.01529375,
        0.0175825,
        0.01168875,
        0.0117775,
        0.01471125,
        0.01092625,
        0.007815,
        0.01039125,
        0.006,
        0.006605,
        0.010135,
        0.00455875,
        0.00714375,
        0.0069075,
        0.00625125,
        0.00738875,
        0.003545,
        0.005235,
        0.00329125,
        0.00263625,
        0.005395,
        0.0040725,
        0.0038475,
        0.0028625,
        0.00518375,
        0.002795,
        0.00185375,
        0.0042675,
        0.00279875,
        0.00228125,
        0.00308375,
        0.00117,
        0.0006,
        0.001285,
        0.00202,
        0.00266625,
        0.00283375,
        0.0017525,
        0.0020675,
        0.00162875,
        0.00128875,
        0.00115875,
        0.0009825,
        0.00139625,
        0.00166625,
        0.0007075,
        0.00124375,
        0.00035,
        0.00063625,
        0.001995,
        0.0005625,
        0.0011025,
        6.375e-5,
        0.00017,
        0.00019375,
        0.00060875,
        0.00099875,
        1.125e-5
    ]
}
