{
    "SNR": [
        0.25,
        0.5,
        0.75,
        1.0,
        1.25,
        1.5,
        1.75,
        2.0,
        2.25,
        2.5,
        2.75,
        3.0,
        3.25,
        3.5,
        3.75,
        4.0,
        4.25,
        4.5,
        4.75,
        5.0,
        5.25,
        5.5,
        5.75,
        6.0,
        6.25,
        6.5,
        6.75,
        7.0,
        7.25,
        7.5,
        7.75,
        8.0,
        8.25,
        8.5,
        8.75,
        9.0,
        9.25,
        9.5,
        9.75,
        10.0,
        10.25,
        10.5,
        10.75,
        11.0,
        11.25,
        11.5,
        11.75,
        12.0,
        12.25,
        12.5,
        12.75,
        13.0,
        13.25,
        13.5,
        13.75,
        14.0,
        14.25,
        14.5,
        14.75,
        15.0,
        15.25,
        15.5,
        15.75,
        16.0,
        16.25,
        16.5,
        16.75,
        17.0,
        17.25,
        17.5,
        17.75,
        18.0,
        18.25,
        18.5,
        18.75,
        19.0,
        19.25,
        19.5,
        19.75,
        20.0,
        20.25,
        20.5,
        20.75,
        21.0,
        21.25,
        21.5,
        21.75,
        22.0,
        22.25,
        22.5,
        22.75,
        23.0,
        23.25,
        23.5,
        23.75,
        24.0,
        24.25,
        24.5,
        24.75,
        25.0,
        25.25,
        25.5,
        25.75,
        26.0,
        26.25,
        26.5,
        26.75,
        27.0,
        27.25,
        27.5,
        27.75,
        28.0,
        28.25,
        28.5,
        28.75,
        29.0,
        29.25,
        29.5,
        29.75,
        30.0
    ],
    "BER": [
        0.19742325,
        0.194426,
        0.188299625,
        0.183221125,
        0.17803625,
        0.175267625,
        0.170586125,
        0.165461,
        0.15977325,
        0.157179875,
        0.15160125,
        0.145331625,
        0.142100125,
        0.137340375,
        0.1341085,
        0.130081375,
        0.12647375,
        0.122187375,
        0.117076375,
        0.11258825,
        0.10877575,
        0.10563875,
        0.101271625,
        0.099902,
        0.096286375,
        0.0909,
        0.088600375,
        0.086644875,
        0.081144375,
        0.07966625,
        0.07559225,
        0.07349025,
        0.071070375,
        0.067618,
        0.064425625,
        0.0611375,
        0.06055075,
        0.0573935,
        0.0535435,
        0.0510105,
        0.051388625,
        0.049247125,
        0.047201375,
        0.044617,
        0.042189625,
        0.041269875,
        0.0386025,
        0.038304375,
        0.036248375,
        0.033986125,
        0.033871,
        0.0321065,
        0.029683625,
        0.027628125,
        0.027875375,
        0.0265475,
        0.025464,
        0.02479125,
        0.0227715,
        0.022151625,
        0.0202195,
        0.019836875,
        0.01891825,
        0.0185795,
        0.01782225,
        0.017227625,
        0.015676875,
        0.0153145,
        0.015253,
        0.01405875,
        0.0135995,
        0.01201375,
        0.012147375,
        0.010744125,
        0.0109,
        0.0093795,
        0.010021375,
        0.008853125,
        0.00901275,
        0.008498375,
        0.00760125,
        0.0074055,
        0.007239375,
        0.00655425,
        0.005860125,
        0.0069465,
        0.00588325,
        0.00543675,
        0.00480075,
        0.005358875,
        0.005335375,
        0.004871,
        0.0045715,
        0.004770375,
        0.00507525,
        0.003444375,
        0.003441,
        0.003261125,
        0.003175875,
        0.003129125,
        0.00285875,
        0.003325125,
        0.00226475,
        0.00267275,
        0.002672125,
        0.002511625,
        0.001743875,
        0.00266475,
        0.002098875,
        0.00201475,
        0.001442875,
        0.0020985,
        0.001959875,
        0.001637625,
        0.001450125,
        0.001489125,
        0.00112075,
        0.0010725,
        0.001362,
        0.00102925
    ]
}
