{
    "SNR": [
        0.25,
        0.5,
        0.75,
        1.0,
        1.25,
        1.5,
        1.75,
        2.0,
        2.25,
        2.5,
        2.75,
        3.0,
        3.25,
        3.5,
        3.75,
        4.0,
        4.25,
        4.5,
        4.75,
        5.0,
        5.25,
        5.5,
        5.75,
        6.0,
        6.25,
        6.5,
        6.75,
        7.0,
        7.25,
        7.5,
        7.75,
        8.0,
        8.25,
        8.5,
        8.75,
        9.0,
        9.25,
        9.5,
        9.75,
        10.0,
        10.25,
        10.5,
        10.75,
        11.0,
        11.25,
        11.5,
        11.75,
        12.0,
        12.25,
        12.5,
        12.75,
        13.0,
        13.25,
        13.5,
        13.75,
        14.0,
        14.25,
        14.5,
        14.75,
        15.0,
        15.25,
        15.5,
        15.75,
        16.0,
        16.25,
        16.5,
        16.75,
        17.0,
        17.25,
        17.5,
        17.75,
        18.0,
        18.25,
        18.5,
        18.75,
        19.0,
        19.25,
        19.5,
        19.75,
        20.0,
        20.25,
        20.5,
        20.75,
        21.0,
        21.25,
        21.5,
        21.75,
        22.0,
        22.25,
        22.5,
        22.75,
        23.0,
        23.25,
        23.5,
        23.75,
        24.0,
        24.25,
        24.5,
        24.75,
        25.0,
        25.25,
        25.5,
        25.75,
        26.0,
        26.25,
        26.5,
        26.75,
        27.0,
        27.25,
        27.5,
        27.75,
        28.0,
        28.25,
        28.5,
        28.75,
        29.0,
        29.25,
        29.5,
        29.75,
        30.0
    ],
    "BER": [
        0.2409321875,
        0.2342596875,
        0.2310459375,
        0.223673125,
        0.2180703125,
        0.213264375,
        0.2077684375,
        0.201465,
        0.19656,
        0.19284125,
        0.1855721875,
        0.1758246875,
        0.1712221875,
        0.1646165625,
        0.1581534375,
        0.1539025,
        0.1461803125,
        0.1424465625,
        0.1363359375,
        0.129968125,
        0.123915625,
        0.11889375,
        0.115008125,
        0.111071875,
        0.1024475,
        0.0979653125,
        0.09411625,
        0.088955,
        0.0842015625,
        0.079474375,
        0.0751140625,
        0.072006875,
        0.0655721875,
        0.0603221875,
        0.059956875,
        0.0540015625,
        0.049740625,
        0.0496553125,
        0.045096875,
        0.043035625,
        0.038874375,
        0.035053125,
        0.0317753125,
        0.032681875,
        0.02899625,
        0.026348125,
        0.0268775,
        0.0231334375,
        0.022713125,
        0.020995,
        0.0181340625,
        0.0153896875,
        0.016916875,
        0.015576875,
        0.01323,
        0.0127634375,
        0.0111409375,
        0.011226875,
        0.0090509375,
        0.009386875,
        0.00828375,
        0.0074546875,
        0.0063165625,
        0.0078715625,
        0.0072975,
        0.0057715625,
        0.0064359375,
        0.0056959375,
        0.0044390625,
        0.0045925,
        0.00462625,
        0.0039059375,
        0.004028125,
        0.0031909375,
        0.003746875,
        0.0028528125,
        0.003348125,
        0.0033171875,
        0.002600625,
        0.0025853125,
        0.002175,
        0.0018578125,
        0.00239625,
        0.0023471875,
        0.0016525,
        0.0016021875,
        0.0015190625,
        0.0010609375,
        0.001605625,
        0.00151625,
        0.0011328125,
        0.001075625,
        0.0007,
        0.0010290625,
        0.0008459375,
        0.0012665625,
        0.0006740625,
        0.000960625,
        0.000500625,
        0.00052875,
        0.000665,
        0.0006415625,
        0.0009678125,
        0.00040875,
        0.00072375,
        0.000554375,
        0.0005584375,
        0.0002734375,
        0.0005875,
        0.000501875,
        0.000440625,
        0.000291875,
        0.000618125,
        0.0005571875,
        0.00031625,
        0.00068375,
        0.000388125,
        0.0001271875,
        0.0001209375,
        0.0003609375
    ]
}
