{
    "SNR": [
        0.25,
        0.5,
        0.75,
        1.0,
        1.25,
        1.5,
        1.75,
        2.0,
        2.25,
        2.5,
        2.75,
        3.0,
        3.25,
        3.5,
        3.75,
        4.0,
        4.25,
        4.5,
        4.75,
        5.0,
        5.25,
        5.5,
        5.75,
        6.0,
        6.25,
        6.5,
        6.75,
        7.0,
        7.25,
        7.5,
        7.75,
        8.0,
        8.25,
        8.5,
        8.75,
        9.0,
        9.25,
        9.5,
        9.75,
        10.0,
        10.25,
        10.5,
        10.75,
        11.0,
        11.25,
        11.5,
        11.75,
        12.0,
        12.25,
        12.5,
        12.75,
        13.0,
        13.25,
        13.5,
        13.75,
        14.0,
        14.25,
        14.5,
        14.75,
        15.0,
        15.25,
        15.5,
        15.75,
        16.0,
        16.25,
        16.5,
        16.75,
        17.0,
        17.25,
        17.5,
        17.75,
        18.0,
        18.25,
        18.5,
        18.75,
        19.0,
        19.25,
        19.5,
        19.75,
        20.0,
        20.25,
        20.5,
        20.75,
        21.0,
        21.25,
        21.5,
        21.75,
        22.0,
        22.25,
        22.5,
        22.75,
        23.0,
        23.25,
        23.5,
        23.75,
        24.0,
        24.25,
        24.5,
        24.75,
        25.0,
        25.25,
        25.5,
        25.75,
        26.0,
        26.25,
        26.5,
        26.75,
        27.0,
        27.25,
        27.5,
        27.75,
        28.0,
        28.25,
        28.5,
        28.75,
        29.0,
        29.25,
        29.5,
        29.75,
        30.0
    ],
    "BER": [
        0.309507125,
        0.304360375,
        0.299527875,
        0.292439,
        0.288395125,
        0.285007125,
        0.2800955,
        0.272908625,
        0.268308375,
        0.26501825,
        0.259162625,
        0.254169625,
        0.247779125,
        0.244042625,
        0.238927875,
        0.23261875,
        0.22341525,
        0.219127875,
        0.217036875,
        0.209215375,
        0.20435025,
        0.196827375,
        0.194350375,
        0.1902515,
        0.183881125,
        0.182667625,
        0.172398125,
        0.169313625,
        0.170722375,
        0.156790125,
        0.1541475,
        0.15202375,
        0.146543625,
        0.1420195,
        0.134166625,
        0.128891875,
        0.1265855,
        0.12427575,
        0.121864375,
        0.112999125,
        0.10901275,
        0.107139,
        0.104840125,
        0.094911125,
        0.095017125,
        0.092089375,
        0.090145375,
        0.086901625,
        0.08008175,
        0.078404375,
        0.0723635,
        0.07036075,
        0.068171,
        0.065674375,
        0.063420375,
        0.0598985,
        0.05835125,
        0.0575435,
        0.05464375,
        0.04942525,
        0.047772,
        0.0461695,
        0.04537725,
        0.041983125,
        0.039431125,
        0.038573,
        0.03510825,
        0.036371375,
        0.03305325,
        0.029665125,
        0.03060725,
        0.028346875,
        0.02624975,
        0.0259505,
        0.023824125,
        0.024359375,
        0.020999625,
        0.02294175,
        0.01931025,
        0.01974525,
        0.019044875,
        0.016637875,
        0.015005875,
        0.015086375,
        0.01497425,
        0.013627625,
        0.01400325,
        0.0133425,
        0.01271425,
        0.010472875,
        0.011419875,
        0.010399,
        0.010198625,
        0.008307,
        0.0091765,
        0.008412875,
        0.0090165,
        0.00691525,
        0.00724275,
        0.00749725,
        0.006272625,
        0.006124625,
        0.005294,
        0.00572225,
        0.00449675,
        0.003899,
        0.004123625,
        0.004807,
        0.003760875,
        0.004754875,
        0.003050375,
        0.00368375,
        0.003926125,
        0.003065375,
        0.00299225,
        0.00288675,
        0.002396,
        0.002410375,
        0.002768875,
        0.002231875
    ]
}
